_id,REPORT_ID,TIMESTAMP,status,avgMeasuredTime,medianMeasuredTime,vehicleCount,avgSpeed
2,158505,2021-05-02T06:05:00,OK,106,106,2,70
3,197951,2021-05-02T06:05:00,OK,100,100,0,73
4,197463,2021-05-02T06:05:00,OK,42,42,0,95
5,204273,2021-05-02T06:05:00,OK,48,48,0,43
6,187748,2021-05-02T06:05:00,OK,47,47,0,44
7,183091,2021-05-02T06:05:00,OK,98,98,2,42
8,181331,2021-05-02T06:06:00,OK,58,58,1,57
9,183009,2021-05-02T06:05:00,OK,25,25,4,69
10,187509,2021-05-02T06:05:00,OK,386,386,0,7
11,195631,2021-05-02T06:05:00,OK,95,95,0,22
12,190206,2021-05-02T06:05:00,OK,34,34,0,53
13,184703,2021-05-02T06:05:00,OK,115,115,3,20
14,182901,2021-05-02T06:05:00,OK,33,33,3,76
15,158324,2021-05-02T06:05:00,OK,56,56,1,66
16,179064,2021-05-02T06:05:00,OK,48,48,3,27
17,188092,2021-05-02T06:05:00,OK,759,759,0,2
18,197302,2021-05-02T06:05:00,OK,49,49,0,58
19,190770,2021-05-02T06:05:00,OK,73,73,0,39
20,195339,2021-05-02T06:05:00,OK,121,121,0,23
21,187218,2021-05-02T06:05:00,OK,83,83,0,27
22,195552,2021-05-02T06:05:00,OK,117,117,1,33
23,180627,2021-05-02T06:05:00,OK,110,110,2,47
24,201535,2021-05-02T06:05:00,OK,32,32,3,74
25,204140,2021-05-02T06:05:00,OK,55,55,1,58
26,209933,2021-05-02T06:05:00,OK,136,136,0,73
27,198113,2021-05-02T06:05:00,OK,103,103,0,52
28,193106,2021-05-02T06:05:00,OK,121,121,0,24
29,201802,2021-05-02T06:05:00,OK,98,98,0,53
30,195150,2021-05-02T06:05:00,OK,68,68,0,53
31,190259,2021-05-02T06:05:00,OK,32,32,0,83
32,187112,2021-05-02T06:05:00,OK,98,98,0,36
33,158776,2021-05-02T06:05:00,OK,67,67,0,49
34,206422,2021-05-02T06:05:00,OK,63,63,1,57
35,189967,2021-05-02T06:05:00,OK,82,82,0,36
36,206263,2021-05-02T06:05:00,OK,30,30,0,57
37,209880,2021-05-02T06:05:00,OK,82,82,0,70
38,187907,2021-05-02T06:05:00,OK,72,72,0,33
39,187668,2021-05-02T06:05:00,OK,94,94,0,26
40,159014,2021-05-02T06:06:00,OK,29,29,2,86
41,198139,2021-05-02T06:05:00,OK,86,86,0,61
42,187483,2021-05-02T06:05:00,OK,98,98,0,31
43,210040,2021-05-02T06:05:00,OK,242,242,0,36
44,195178,2021-05-02T06:05:00,OK,72,72,0,41
45,194878,2021-05-02T06:07:00,OK,0,0,0,0
46,186979,2021-05-02T06:05:00,OK,117,117,0,25
47,192787,2021-05-02T06:05:00,OK,82,82,0,24
48,201507,2021-05-02T06:05:00,OK,102,102,0,37
49,180844,2021-05-02T06:06:00,OK,78,78,1,23
50,206131,2021-05-02T06:05:00,OK,99,99,0,18
51,190179,2021-05-02T06:05:00,OK,113,113,0,24
52,187721,2021-05-02T06:06:00,OK,102,102,1,24
53,180547,2021-05-02T06:06:00,OK,46,46,1,79
54,201669,2021-05-02T06:05:00,OK,145,145,0,72
55,185263,2021-05-02T06:05:00,OK,59,59,0,52
56,179228,2021-05-02T06:05:00,OK,33,33,0,57
57,182955,2021-05-02T06:05:00,OK,28,28,4,70
58,180926,2021-05-02T06:06:00,OK,43,43,1,68
59,197518,2021-05-02T06:05:00,OK,0,0,0,0
60,201881,2021-05-02T06:05:00,OK,63,63,0,31
61,158386,2021-05-02T06:05:00,OK,166,166,2,62
62,204034,2021-05-02T06:05:00,OK,46,46,0,50
63,187774,2021-05-02T06:06:00,OK,82,82,0,27
64,182657,2021-05-02T06:06:00,OK,81,81,0,38
65,171969,2021-05-02T06:05:00,OK,159,159,1,82
66,173011,2021-05-02T06:05:00,OK,0,0,0,0
67,179364,2021-05-02T06:06:00,OK,34,34,5,68
68,192438,2021-05-02T06:05:00,OK,64,64,4,46
69,195015,2021-05-02T06:05:00,OK,78,78,0,46
70,158836,2021-05-02T06:05:00,OK,63,63,2,68
71,197679,2021-05-02T06:05:00,OK,76,76,2,56
72,192466,2021-05-02T06:05:00,OK,111,111,0,73
73,187986,2021-05-02T06:05:00,OK,56,56,0,45
74,197868,2021-05-02T06:05:00,OK,67,67,1,67
75,173118,2021-05-02T06:05:00,OK,185,185,0,29
76,192546,2021-05-02T06:05:00,OK,143,143,0,56
77,185104,2021-05-02T06:06:00,OK,68,68,1,28
78,158983,2020-03-17T13:30:00,OK,29,29,9,127
79,187880,2021-05-02T06:05:00,OK,125,125,1,24
80,190691,2021-05-02T06:05:00,OK,47,47,3,67
81,206396,2021-05-02T06:05:00,OK,97,97,0,37
82,187403,2021-05-02T06:05:00,OK,120,120,0,57
83,197408,2021-05-02T06:05:00,OK,77,77,0,52
84,184595,2021-05-02T06:05:00,OK,106,106,1,26
85,190285,2021-05-02T06:05:00,OK,72,72,0,36
86,185396,2021-05-02T06:05:00,OK,143,143,1,18
87,190338,2021-05-02T06:05:00,OK,117,117,0,13
88,193079,2021-05-02T06:05:00,OK,101,101,0,19
89,197434,2021-05-02T06:05:00,OK,53,53,1,73
90,198167,2021-05-02T06:05:00,OK,69,69,0,49
91,183037,2021-05-02T06:05:00,OK,106,106,4,39
92,203954,2021-05-02T06:05:00,OK,84,84,0,32
93,201345,2021-05-02T06:05:00,OK,48,48,0,40
94,209721,2021-05-02T06:05:00,OK,114,114,0,42
95,201237,2021-05-02T06:05:00,OK,88,88,0,54
96,182875,2021-05-02T06:05:00,OK,40,40,4,63
97,190529,2021-05-02T06:05:00,OK,28,28,4,68
98,179119,2021-05-02T06:05:00,OK,60,60,2,34
99,178901,2021-05-02T06:06:00,OK,53,53,0,37
100,178847,2021-05-02T06:06:00,OK,76,76,1,49
101,193402,2021-05-02T06:05:00,OK,61,61,0,64
102,181142,2021-05-02T06:05:00,OK,32,32,2,58
103,197842,2021-05-02T06:05:00,OK,78,78,2,57
104,192866,2021-05-02T06:05:00,OK,62,62,0,64
105,178767,2021-05-02T06:06:00,OK,80,80,0,41
106,192840,2021-05-02T06:05:00,OK,78,78,0,51
107,178983,2021-05-02T06:05:00,OK,32,32,1,52
108,195446,2021-05-02T06:05:00,OK,120,120,0,28
109,197896,2021-05-02T06:05:00,OK,57,57,3,71
110,187165,2021-05-02T06:05:00,OK,121,121,0,45
111,185343,2021-05-02T06:05:00,OK,71,71,0,38
112,190663,2021-05-02T06:05:00,OK,29,29,2,73
113,182820,2021-05-02T06:05:00,OK,27,27,0,86
114,158895,2020-03-17T13:45:00,OK,92,92,4,58
115,190934,2021-05-02T06:05:00,OK,88,88,3,56
116,187297,2021-05-02T06:05:00,OK,157,157,1,24
117,187350,2021-05-02T06:05:00,OK,111,111,0,62
118,179444,2021-05-02T06:05:00,OK,85,85,3,36
119,193053,2021-05-02T06:05:00,OK,40,40,0,45
120,204166,2021-05-02T06:05:00,OK,51,51,0,62
121,187562,2021-05-02T06:06:00,OK,70,70,2,60
122,203769,2021-05-02T06:05:00,OK,0,0,0,0
123,192919,2021-05-02T06:05:00,OK,171,171,0,19
124,195096,2021-05-02T06:05:00,OK,160,160,0,49
125,194931,2021-05-02T06:07:00,OK,0,0,0,0
126,197274,2021-05-02T06:05:00,OK,114,114,0,49
127,187032,2021-05-02T06:05:00,OK,75,75,0,49
128,158684,2021-05-02T06:05:00,OK,239,239,2,100
129,179148,2021-05-02T06:05:00,OK,34,34,0,84
130,197760,2021-05-02T06:05:00,OK,92,92,0,32
131,181006,2021-05-02T06:06:00,OK,46,46,0,46
132,179418,2021-05-02T06:06:00,OK,41,41,2,76
133,203557,2021-05-02T06:05:00,OK,140,140,0,49
134,195790,2021-05-02T06:05:00,OK,75,75,0,43
135,201373,2021-05-02T06:05:00,OK,81,81,0,76
136,206343,2021-05-02T06:05:00,OK,81,81,0,62
137,158924,2020-03-17T13:45:00,OK,93,93,6,60
138,197572,2021-05-02T06:05:00,OK,38,38,5,52
139,193322,2021-05-02T06:05:00,OK,69,69,1,57
140,209986,2021-05-02T06:05:00,OK,134,134,0,70
141,210013,2021-05-02T06:05:00,OK,189,189,0,55
142,209827,2021-05-02T06:05:00,OK,64,64,1,46
143,197626,2021-05-02T06:05:00,OK,107,107,6,53
144,190879,2021-05-02T06:05:00,OK,83,83,2,48
145,180735,2021-05-02T06:05:00,OK,47,47,4,74
146,190393,2021-05-02T06:05:00,OK,168,168,0,66
147,206369,2021-05-02T06:05:00,OK,77,77,0,65
148,195843,2021-05-02T06:05:00,OK,65,65,0,45
149,209801,2021-05-02T06:05:00,OK,54,54,0,51
150,181251,2021-05-02T06:06:00,OK,51,51,1,36
151,210093,2021-05-02T06:05:00,OK,718,718,0,11
152,201908,2021-05-02T06:05:00,OK,113,113,1,38
153,188145,2021-05-02T06:05:00,OK,61,61,0,42
154,158805,2021-05-02T06:05:00,OK,55,55,1,60
155,194905,2021-05-02T06:07:00,OK,0,0,0,0
156,198275,2021-05-02T06:05:00,OK,34,34,0,53
157,184649,2021-05-02T06:05:00,OK,98,98,1,42
158,193239,2021-05-02T06:05:00,OK,91,91,0,29
159,190799,2021-05-02T06:05:00,OK,117,117,1,76
160,203795,2021-05-02T06:05:00,OK,0,0,0,0
161,172602,2021-05-02T06:05:00,OK,203,203,0,27
162,195259,2021-05-02T06:05:00,OK,71,71,0,75
163,197705,2021-05-02T06:05:00,OK,53,53,1,80
164,195070,2021-05-02T06:05:00,OK,161,161,1,49
165,201615,2021-05-02T06:05:00,OK,686,686,0,68
166,187191,2021-05-02T06:05:00,OK,123,123,0,46
167,192707,2021-05-02T06:05:00,OK,94,94,0,30
168,190312,2021-05-02T06:05:00,OK,57,57,0,24
169,193294,2021-05-02T06:05:00,OK,64,64,0,73
170,158715,2020-03-17T13:45:00,OK,67,67,9,63
171,190100,2021-05-02T06:06:00,OK,126,126,0,42
172,195817,2021-05-02T06:05:00,OK,57,57,0,50
173,197381,2021-05-02T06:05:00,OK,78,78,0,45
174,198085,2021-05-02T06:05:00,OK,105,105,1,47
175,203716,2021-05-02T06:05:00,OK,0,0,0,0
176,182683,2021-05-02T06:06:00,OK,73,73,1,41
177,187801,2021-05-02T06:05:00,OK,68,68,0,34
178,203663,2021-05-02T06:05:00,OK,100,100,0,55
179,190609,2021-05-02T06:05:00,OK,30,30,1,73
180,201643,2021-05-02T06:05:00,OK,148,148,0,70
181,209748,2021-05-02T06:05:00,OK,0,0,0,0
182,190073,2021-05-02T06:05:00,OK,30,30,0,39
183,181305,2021-05-02T06:06:00,OK,72,72,2,46
184,184945,2021-05-02T06:05:00,OK,191,191,0,13
185,190963,2021-05-02T06:05:00,OK,50,50,1,57
186,187059,2021-05-02T06:05:00,OK,110,110,0,52
187,184919,2021-05-02T06:05:00,OK,92,92,0,29
188,180952,2021-05-02T06:06:00,OK,79,79,1,36
189,198247,2021-05-02T06:05:00,OK,61,61,0,46
190,186953,2021-05-02T06:05:00,OK,147,147,0,19
191,210173,2021-05-02T06:05:00,OK,430,430,0,9
192,158475,2020-03-17T13:45:00,OK,79,79,25,106
193,179256,2021-05-02T06:06:00,OK,27,27,2,80
194,185051,2021-05-02T06:05:00,OK,56,56,0,29
195,204007,2021-05-02T06:05:00,OK,63,63,0,44
196,192946,2021-05-02T06:05:00,OK,86,86,1,50
197,188172,2021-05-02T06:05:00,OK,67,67,1,30
198,192600,2021-05-02T06:06:00,OK,114,114,0,38
199,180573,2021-05-02T06:06:00,OK,57,57,2,63
200,210199,2021-05-02T06:05:00,OK,76,76,0,53
201,203901,2021-05-02T06:05:00,OK,0,0,0,0
202,180818,2021-05-02T06:05:00,OK,65,65,0,27
203,201265,2021-05-02T06:05:00,OK,83,83,1,39
204,190717,2021-05-02T06:05:00,OK,48,48,1,66
205,181223,2021-05-02T06:06:00,OK,50,50,2,37
206,158865,2021-05-02T06:05:00,OK,56,56,0,59
207,171572,2021-05-02T06:05:00,OK,138,138,0,31
208,204219,2021-05-02T06:05:00,OK,58,58,0,61
209,184813,2021-05-02T06:05:00,OK,74,74,2,24
210,181277,2021-05-02T06:06:00,OK,37,37,2,49
211,210120,2021-05-02T06:05:00,OK,358,358,0,21
212,190232,2021-05-02T06:05:00,OK,95,95,1,18
213,198301,2021-05-02T06:05:00,OK,44,44,0,40
214,185369,2021-05-02T06:05:00,OK,49,49,0,53
215,197977,2021-05-02T06:05:00,OK,107,107,0,68
216,210146,2021-05-02T06:05:00,OK,171,171,0,44
217,190825,2021-05-02T06:05:00,OK,130,130,0,68
218,182846,2021-05-02T06:05:00,OK,62,62,0,37
219,187324,2021-05-02T06:05:00,OK,130,130,0,56
220,206449,2021-05-02T06:05:00,OK,30,30,0,54
221,204060,2021-05-02T06:05:00,OK,69,69,0,35
222,188198,2021-05-02T06:05:00,OK,48,48,0,39
223,190475,2021-05-02T06:05:00,OK,46,46,0,65
224,192653,2021-05-02T06:06:00,OK,37,37,5,60
225,178548,2021-05-02T06:06:00,OK,61,61,2,47
226,185157,2021-05-02T06:05:00,OK,63,63,0,32
227,187933,2021-05-02T06:05:00,OK,44,44,0,56
228,209774,2021-05-02T06:05:00,OK,561,561,0,7
229,188066,2021-05-02T06:05:00,OK,38,38,0,48
230,180655,2021-05-02T06:06:00,OK,45,45,4,73
231,185025,2021-05-02T06:05:00,OK,112,112,0,15
232,201183,2021-05-02T06:05:00,OK,0,0,0,0
233,197544,2021-05-02T06:05:00,OK,0,0,0,0
234,192574,2021-05-02T06:06:00,OK,89,89,4,49
235,181197,2021-05-02T06:06:00,OK,71,71,4,26
236,201828,2021-05-02T06:05:00,OK,144,144,0,35
237,195605,2021-05-02T06:05:00,OK,93,93,0,22
238,195472,2021-05-02T06:05:00,OK,53,53,1,64
239,195870,2021-05-02T06:05:00,OK,91,91,0,49
240,180872,2021-05-02T06:06:00,OK,30,30,0,58
241,192627,2021-05-02T06:06:00,OK,48,48,8,46
242,195578,2021-05-02T06:05:00,OK,62,62,0,62
243,178600,2021-05-02T06:05:00,OK,49,49,1,58
244,209960,2021-05-02T06:05:00,OK,113,113,0,79
245,187536,2021-05-02T06:06:00,OK,83,83,0,50
246,187642,2021-05-02T06:06:00,OK,122,122,0,20
247,193348,2021-05-02T06:05:00,OK,169,169,0,23
248,187456,2021-05-02T06:05:00,OK,84,84,3,39
249,190744,2021-05-02T06:05:00,OK,31,31,1,94
250,179390,2021-05-02T06:06:00,OK,59,59,0,39
251,193026,2021-05-02T06:05:00,OK,83,83,1,36
252,197922,2021-05-02T06:05:00,OK,62,62,1,65
253,179310,2021-05-02T06:06:00,OK,46,46,3,71
254,158536,2021-05-02T06:05:00,OK,142,142,1,82
255,192813,2021-05-02T06:05:00,OK,47,47,0,44
256,201211,2021-05-02T06:05:00,OK,87,87,2,54
257,201775,2021-05-02T06:05:00,OK,126,126,0,22
258,181034,2021-05-02T06:06:00,OK,30,30,0,53
259,210067,2021-05-02T06:05:00,OK,0,0,0,0
260,206210,2021-05-02T06:05:00,OK,0,0,0,0
261,198221,2021-05-02T06:05:00,OK,48,48,1,60
262,192734,2021-05-02T06:05:00,OK,66,66,0,49
263,185078,2021-05-02T06:06:00,OK,55,55,0,36
264,178793,2021-05-02T06:06:00,OK,74,74,1,44
265,203875,2021-05-02T06:05:00,OK,0,0,0,0
266,184839,2021-05-02T06:05:00,OK,48,48,0,37
267,193159,2021-05-02T06:05:00,OK,67,67,0,32
268,195737,2021-05-02T06:05:00,OK,97,97,1,31
269,206104,2021-05-02T06:05:00,OK,671,671,0,2
270,201589,2021-05-02T06:05:00,OK,667,667,0,70
271,195684,2021-05-02T06:05:00,OK,31,31,0,73
272,197598,2021-05-02T06:05:00,OK,48,48,0,41
273,201291,2021-05-02T06:06:00,OK,88,88,1,37
274,178713,2021-05-02T06:06:00,OK,18,18,0,73
275,197788,2021-05-02T06:05:00,OK,102,102,0,46
276,182766,2021-05-02T06:05:00,OK,94,94,3,52
277,184972,2021-05-02T06:05:00,OK,60,60,0,27
278,195365,2021-05-02T06:05:00,OK,72,72,0,38
279,188225,2021-05-02T06:05:00,OK,46,46,1,49
280,179174,2021-05-02T06:05:00,OK,48,48,0,60
281,195923,2021-05-02T06:05:00,OK,92,92,0,59
282,158446,2020-03-17T13:45:00,OK,79,79,23,106
283,184892,2021-05-02T06:05:00,OK,147,147,1,24
284,203822,2021-05-02T06:05:00,OK,0,0,0,0
285,201453,2021-05-02T06:05:00,OK,26,26,0,53
286,193185,2021-05-02T06:05:00,OK,85,85,0,24
287,195418,2021-05-02T06:05:00,OK,191,191,0,16
288,192520,2021-05-02T06:05:00,OK,130,130,0,62
289,187085,2021-05-02T06:05:00,OK,194,194,0,29
290,158595,2020-03-17T13:45:00,OK,93,93,12,110
291,187854,2021-05-02T06:05:00,OK,60,60,0,53
292,201696,2021-05-02T06:05:00,OK,160,160,1,66
293,188251,2021-05-02T06:05:00,OK,112,112,0,21
294,203981,2021-05-02T06:05:00,OK,65,65,0,40
295,197734,2021-05-02T06:05:00,OK,110,110,0,26
296,179038,2021-05-02T06:05:00,OK,25,25,3,51
297,185237,2021-05-02T06:05:00,OK,69,69,0,43
298,183117,2021-05-02T06:05:00,OK,100,100,3,41
299,195286,2021-05-02T06:05:00,OK,95,95,3,56
300,187695,2021-05-02T06:05:00,OK,52,52,0,49
301,187960,2021-05-02T06:05:00,OK,206,206,0,12
302,209854,2021-05-02T06:05:00,OK,83,83,0,58
303,187138,2021-05-02T06:05:00,OK,103,103,1,34
304,201427,2021-05-02T06:05:00,OK,22,22,1,63
305,173225,2021-05-02T06:05:00,OK,202,202,1,20
306,195312,2021-05-02T06:05:00,OK,98,98,3,54
307,201961,2021-05-02T06:05:00,OK,67,67,0,60
308,192760,2021-05-02T06:05:00,OK,65,65,0,48
309,192972,2021-05-02T06:05:00,OK,77,77,0,57
310,204247,2021-05-02T06:05:00,OK,72,72,1,29
311,195041,2021-05-02T06:05:00,OK,52,52,0,69
312,193213,2021-05-02T06:05:00,OK,117,117,1,22
313,195499,2021-05-02T06:05:00,OK,69,69,0,26
314,158744,2020-03-17T13:46:00,OK,69,69,17,63
315,190126,2021-05-02T06:05:00,OK,170,170,0,31
316,192893,2021-05-02T06:05:00,OK,74,74,0,45
317,182738,2021-05-02T06:05:00,OK,120,120,0,18
318,195711,2021-05-02T06:05:00,OK,24,24,0,126
319,195124,2021-05-02T06:05:00,OK,61,61,0,59
320,193132,2021-05-02T06:05:00,OK,0,0,0,0
321,206237,2021-05-02T06:05:00,OK,39,39,1,42
322,158954,2020-03-17T13:32:00,OK,27,27,13,137
323,194960,2021-05-02T06:05:00,OK,138,138,0,48
324,187589,2021-05-02T06:05:00,OK,1627,1627,0,1
325,206475,2021-05-02T06:05:00,OK,65,65,1,26
326,190908,2021-05-02T06:05:00,OK,103,103,1,48
327,190020,2021-05-02T06:05:00,OK,56,56,0,29
328,179336,2021-05-02T06:06:00,OK,43,43,0,76
329,187827,2021-05-02T06:05:00,OK,93,93,0,25
330,203530,2021-05-02T06:05:00,OK,78,78,0,52
331,179202,2021-05-02T06:05:00,OK,76,76,0,24
332,187244,2021-05-02T06:05:00,OK,49,49,1,45
333,187377,2021-05-02T06:05:00,OK,113,113,0,59
334,195392,2021-05-02T06:05:00,OK,84,84,0,37
335,187271,2021-05-02T06:05:00,OK,72,72,0,53
336,182983,2021-05-02T06:05:00,OK,22,22,4,78
337,206316,2021-05-02T06:05:00,OK,38,38,0,51
338,185290,2021-05-02T06:05:00,OK,39,39,0,59
339,190047,2021-05-02T06:05:00,OK,98,98,0,12
340,185210,2021-05-02T06:05:00,OK,62,62,0,43
341,190421,2021-05-02T06:05:00,OK,130,130,0,63
342,184998,2021-05-02T06:05:00,OK,105,105,1,16
343,206502,2021-05-02T06:05:00,OK,211,211,0,22
344,203610,2021-05-02T06:05:00,OK,77,77,0,34
345,195658,2021-05-02T06:05:00,OK,82,82,0,28
346,172329,2021-05-02T06:05:00,OK,115,115,0,98
347,182712,2021-05-02T06:05:00,OK,59,59,3,37
348,204193,2021-05-02T06:05:00,OK,47,47,1,74
349,204113,2021-05-02T06:05:00,OK,57,57,0,58
350,197328,2021-05-02T06:05:00,OK,73,73,0,50
351,193376,2021-05-02T06:05:00,OK,53,53,1,74
352,189994,2021-05-02T06:05:00,OK,42,42,0,37
353,206290,2021-05-02T06:05:00,OK,68,68,0,28
354,201934,2021-05-02T06:05:00,OK,62,62,0,70
355,195525,2021-05-02T06:05:00,OK,48,48,0,40
356,187430,2021-05-02T06:06:00,OK,86,86,0,37
357,185131,2021-05-02T06:05:00,OK,123,123,0,15
358,203583,2021-05-02T06:05:00,OK,136,136,0,50
359,188119,2021-05-02T06:05:00,OK,51,51,0,49
360,190853,2021-05-02T06:05:00,OK,83,83,0,48
361,195764,2021-05-02T06:05:00,OK,66,66,0,51
362,158355,2020-03-17T13:45:00,OK,34,34,9,126
363,183063,2021-05-02T06:05:00,OK,74,74,0,56
364,188039,2021-05-02T06:05:00,OK,70,70,1,25
365,180764,2021-05-02T06:06:00,OK,15,15,0,69
366,201481,2021-05-02T06:05:00,OK,67,67,3,57
367,158624,2020-03-17T13:45:00,OK,142,142,27,92
368,201855,2021-05-02T06:05:00,OK,35,35,0,53
369,190447,2021-05-02T06:05:00,OK,109,109,0,75
370,206025,2021-05-02T06:06:00,OK,56,56,0,36
371,180601,2021-05-02T06:06:00,OK,82,82,2,64
372,203689,2021-05-02T06:05:00,OK,169,169,0,33
373,190637,2021-05-02T06:05:00,OK,25,25,5,84
374,179093,2021-05-02T06:05:00,OK,75,75,0,27
375,204087,2021-05-02T06:05:00,OK,147,147,0,22
376,192681,2021-05-02T06:05:00,OK,98,98,0,29
377,193268,2021-05-02T06:05:00,OK,77,77,2,61
378,184675,2021-05-02T06:05:00,OK,108,108,0,38
379,190501,2021-05-02T06:05:00,OK,65,65,1,46
380,201319,2021-05-02T06:05:00,OK,35,35,3,55
381,187615,2021-05-02T06:05:00,OK,161,161,0,18
382,187006,2021-05-02T06:05:00,OK,62,62,0,58
383,192492,2021-05-02T06:05:00,OK,132,132,3,62
384,205997,2021-05-02T06:05:00,OK,44,44,0,46
385,178929,2021-05-02T06:06:00,OK,172,172,1,30
386,178875,2021-05-02T06:06:00,OK,51,51,1,39
387,197652,2021-05-02T06:05:00,OK,86,86,0,66
388,184621,2021-05-02T06:05:00,OK,58,58,0,48
389,190153,2021-05-02T06:05:00,OK,94,94,0,28
390,203742,2021-05-02T06:05:00,OK,0,0,0,0
391,182792,2021-05-02T06:05:00,OK,99,99,2,49
392,185422,2021-05-02T06:05:00,OK,50,50,0,50
393,209907,2021-05-02T06:05:00,OK,131,131,0,84
394,201561,2021-05-02T06:05:00,OK,42,42,1,56
395,180898,2021-05-02T06:06:00,OK,28,28,1,61
396,198193,2021-05-02T06:05:00,OK,97,97,0,35
397,204300,2021-05-02T06:05:00,OK,40,40,0,47
398,201722,2021-05-02T06:05:00,OK,130,130,0,80
399,198031,2021-05-02T06:05:00,OK,94,94,1,50
400,206184,2021-05-02T06:05:00,OK,0,0,0,0
401,203848,2021-05-02T06:05:00,OK,0,0,0,0
402,179009,2021-05-02T06:06:00,OK,38,38,4,44
403,181060,2021-05-02T06:06:00,OK,27,27,1,59
404,158565,2021-05-02T06:05:00,OK,108,108,1,101
405,197355,2021-05-02T06:05:00,OK,49,49,0,68
406,180681,2021-05-02T06:05:00,OK,42,42,3,78
407,189941,2021-05-02T06:05:00,OK,72,72,0,42
408,181114,2021-05-02T06:06:00,OK,61,61,2,34
409,197489,2021-05-02T06:05:00,OK,43,43,0,92
410,197814,2021-05-02T06:05:00,OK,100,100,1,47
411,184784,2021-05-02T06:05:00,OK,73,73,1,60
412,185184,2021-05-02T06:05:00,OK,68,68,0,40
413,203636,2021-05-02T06:05:00,OK,50,50,0,55
414,206078,2021-05-02T06:05:00,OK,0,0,0,0
415,190367,2021-05-02T06:05:00,OK,166,166,0,67
416,180790,2021-05-02T06:06:00,OK,36,36,1,29
417,206157,2021-05-02T06:06:00,OK,105,105,1,16
418,206051,2021-05-02T06:06:00,OK,85,85,0,23
419,159043,2021-05-02T06:06:00,OK,49,49,2,52
420,158655,2021-05-02T06:05:00,OK,189,189,0,127
421,181088,2021-05-02T06:06:00,OK,35,35,3,59
422,201749,2021-05-02T06:05:00,OK,84,84,0,33
423,178739,2021-05-02T06:05:00,OK,20,20,1,65
424,179282,2021-05-02T06:06:00,OK,28,28,0,77
425,178821,2021-05-02T06:06:00,OK,92,92,2,41
426,184866,2021-05-02T06:06:00,OK,83,83,0,42
427,203928,2021-05-02T06:05:00,OK,98,98,0,23
428,182929,2021-05-02T06:05:00,OK,32,32,4,61
429,193430,2021-05-02T06:05:00,OK,0,0,0,0
430,172156,2021-05-02T06:05:00,OK,129,129,2,73
431,185316,2021-05-02T06:05:00,OK,103,103,1,22
432,190583,2021-05-02T06:05:00,OK,32,32,5,68
433,195204,2021-05-02T06:05:00,OK,47,47,0,63
434,158415,2021-05-02T06:05:00,OK,156,156,3,66
435,188013,2021-05-02T06:05:00,OK,85,85,1,22
436,184729,2021-05-02T06:05:00,OK,44,44,3,54
437,184758,2021-05-02T06:05:00,OK,74,74,0,59
438,180709,2021-05-02T06:06:00,OK,74,74,3,47
439,194986,2021-05-02T06:05:00,OK,115,115,0,58
440,198059,2021-05-02T06:05:00,OK,116,116,1,42
441,201399,2021-05-02T06:05:00,OK,122,122,1,50
442,195896,2021-05-02T06:05:00,OK,148,148,0,29
443,181168,2021-05-02T06:06:00,OK,29,29,1,63
444,180980,2021-05-02T06:06:00,OK,45,45,4,48
445,198330,2021-05-02T06:05:00,OK,0,0,0,0
446,193000,2021-05-02T06:05:00,OK,52,52,0,59
447,198005,2021-05-02T06:05:00,OK,80,80,0,59
448,190555,2021-05-02T06:05:00,OK,26,26,0,73
449,178955,2021-05-02T06:05:00,OK,156,156,0,34
450,195233,2021-05-02T06:05:00,OK,92,92,0,57
451,950741,2021-05-02T06:07:00,OK,55,55,6,70
452,962127,2021-05-02T06:06:00,OK,53,53,1,44
453,958260,2021-05-02T06:06:00,OK,64,64,1,14
454,1145742,2021-05-02T06:06:00,OK,74,74,0,17
455,1144285,2021-05-02T06:06:00,OK,49,49,0,34
456,1145795,2021-05-02T06:06:00,OK,127,127,0,10
457,958206,2021-05-02T06:06:00,OK,93,93,0,11
458,1145822,2021-05-02T06:06:00,OK,95,95,0,13
459,1149064,2021-05-02T06:06:00,OK,15,15,3,42
460,280323,2021-05-02T06:06:00,OK,66,66,1,64
461,1145365,2021-05-02T06:06:00,OK,78,78,0,21
462,916114,2021-05-02T06:06:00,OK,131,131,0,21
463,957885,2021-05-02T06:06:00,OK,85,85,1,33
464,958126,2021-05-02T06:06:00,OK,36,36,5,73
465,1145768,2021-05-02T06:06:00,OK,79,79,1,16
466,962153,2021-05-02T06:06:00,OK,53,53,1,43
467,916087,2021-05-02T06:06:00,OK,85,85,0,32
468,957859,2021-05-02T06:06:00,OK,56,56,6,52
469,1145662,2021-05-02T06:06:00,OK,26,26,2,44
470,1145607,2021-05-02T06:06:00,OK,34,34,2,42
471,916061,2021-05-02T06:06:00,OK,83,83,0,33
472,916140,2021-05-02T06:06:00,OK,169,169,0,16
473,958098,2021-05-02T06:06:00,OK,93,93,1,56
474,1145445,2021-05-02T06:06:00,OK,20,20,3,38
475,958072,2021-05-02T06:06:00,OK,70,70,1,75
476,1145581,2021-05-02T06:06:00,OK,28,28,2,51
477,280349,2021-05-02T06:06:00,OK,77,77,0,50
478,958152,2021-05-02T06:06:00,OK,32,32,1,83
479,842827,2021-05-02T06:07:00,OK,103,103,3,76
480,1201364,2021-05-02T06:07:00,OK,101,101,0,42
481,8175785,2021-05-02T06:05:00,OK,80,80,0,55
482,539486,2021-05-02T06:05:00,OK,76,76,0,67
483,8176334,2021-05-02T06:05:00,OK,0,0,0,0
484,1319797,2021-05-02T06:05:00,OK,209,209,0,61
485,16715594,2021-05-02T06:05:00,OK,140,140,2,121
486,1139909,2021-05-02T06:05:00,OK,0,0,0,0
487,1143964,2021-05-02T06:05:00,OK,75,75,0,28
488,1151752,2021-05-02T06:05:00,OK,0,0,0,0
489,958044,2021-05-02T06:05:00,OK,45,45,0,57
490,300179,2021-05-02T06:05:00,OK,229,229,0,23
491,7145623,2021-05-02T06:05:00,OK,119,119,0,25
492,1151048,2021-05-02T06:05:00,OK,36,36,2,35
493,1219590,2021-05-02T06:05:00,OK,104,104,0,10
494,7147750,2021-05-02T06:05:00,OK,112,112,0,23
495,7145419,2021-05-02T06:05:00,OK,34,34,0,40
496,539407,2021-05-02T06:05:00,OK,109,109,4,80
497,8175667,2021-05-02T06:05:00,OK,108,108,0,37
498,16716371,2021-05-02T06:05:00,OK,59,59,0,94
499,7147071,2021-05-02T06:05:00,OK,121,121,0,39
500,8176355,2021-05-02T06:05:00,OK,39,39,0,32
501,1145338,2021-05-02T06:05:00,OK,55,55,0,42
502,7144725,2021-05-02T06:05:00,OK,36,36,0,56
503,1150940,2021-05-02T06:05:00,OK,18,18,0,52
504,7150481,2021-05-02T06:05:00,OK,53,53,0,46
505,8176395,2021-05-02T06:05:00,OK,9,9,0,87
506,8176220,2021-05-02T06:05:00,OK,30,30,0,62
507,539327,2021-05-02T06:05:00,OK,78,78,1,70
508,7147480,2021-05-02T06:05:00,OK,156,156,0,37
509,6636720,2021-05-02T06:05:00,OK,269,269,0,37
510,7144834,2021-05-02T06:05:00,OK,31,31,0,50
511,1144125,2021-05-02T06:05:00,OK,67,67,0,24
512,1140095,2021-05-02T06:05:00,OK,59,59,1,34
513,957912,2021-05-02T06:05:00,OK,60,60,0,53
514,16716691,2021-05-02T06:05:00,OK,0,0,0,0
515,1201535,2021-05-02T06:05:00,OK,150,150,0,41
516,16715127,2021-05-02T06:05:00,OK,91,91,0,119
517,7145154,2021-05-02T06:05:00,OK,51,51,0,48
518,10640392,2021-05-02T06:05:00,OK,14,14,0,102
519,7148870,2021-05-02T06:05:00,OK,135,135,0,30
520,7146781,2021-05-02T06:05:00,OK,136,136,0,47
521,16717428,2021-05-02T06:05:00,OK,28,28,3,77
522,7147291,2021-05-02T06:05:00,OK,34,34,0,52
523,7147663,2021-05-02T06:05:00,OK,118,118,0,14
524,1151978,2021-05-02T06:05:00,OK,68,68,0,32
525,8184062,2021-05-02T06:05:00,OK,0,0,0,0
526,1150862,2021-05-02T06:05:00,OK,21,21,0,56
527,3106534,2021-05-02T06:05:00,OK,11,11,1,57
528,1151881,2021-05-02T06:05:00,OK,73,73,0,42
529,16717082,2021-05-02T06:05:00,OK,220,220,0,72
530,7144954,2021-05-02T06:05:00,OK,58,58,0,54
531,1149855,2021-05-02T06:05:00,OK,14,14,0,34
532,8176193,2021-05-02T06:05:00,OK,0,0,0,0
533,7144540,2021-05-02T06:05:00,OK,96,96,0,28
534,1145689,2021-05-02T06:05:00,OK,40,40,0,23
535,8176498,2021-05-02T06:05:00,OK,33,33,0,53
536,300206,2021-05-02T06:05:00,OK,96,96,0,45
537,8175818,2021-05-02T06:05:00,OK,72,72,0,61
538,7145297,2021-05-02T06:05:00,OK,83,83,0,39
539,10640299,2021-05-02T06:05:00,OK,17,17,0,40
540,16717178,2021-05-02T06:05:00,OK,339,339,0,77
541,7146529,2021-05-02T06:05:00,OK,0,0,0,0
542,280482,2021-05-02T06:05:00,OK,167,167,0,69
543,1139935,2021-05-02T06:05:00,OK,54,54,0,39
544,300046,2021-05-02T06:05:00,OK,1172,1172,0,4
545,1144257,2021-05-02T06:05:00,OK,85,85,0,17
546,16715652,2021-05-02T06:05:00,OK,107,107,0,106
547,280429,2021-05-02T06:05:00,OK,57,57,0,53
548,7148512,2021-05-02T06:05:00,OK,0,0,0,0
549,1150036,2021-05-02T06:05:00,OK,53,53,2,18
550,8176168,2021-05-02T06:05:00,OK,0,0,0,0
551,16715985,2021-05-02T06:05:00,OK,153,153,0,92
552,16716423,2021-05-02T06:05:00,OK,115,115,0,60
553,886073,2021-05-02T06:05:00,OK,93,93,3,63
554,538983,2021-02-26T12:30:00,OK,210,210,2,48
555,1149941,2021-05-02T06:05:00,OK,61,61,0,17
556,1149870,2021-05-02T06:05:00,OK,22,22,0,29
557,1148632,2021-05-02T06:05:00,OK,39,39,0,56
558,1150142,2021-05-02T06:05:00,OK,0,0,0,0
559,7149099,2021-05-02T06:05:00,OK,0,0,0,0
560,1151771,2021-05-02T06:05:00,OK,0,0,0,0
561,7145907,2021-05-02T06:05:00,OK,96,96,0,38
562,1151638,2021-05-02T06:05:00,OK,0,0,0,0
563,280535,2021-05-02T06:05:00,OK,82,82,0,34
564,1143990,2021-05-02T06:05:00,OK,91,91,0,22
565,7147142,2021-05-02T06:05:00,OK,134,134,0,35
566,1145527,2021-05-02T06:05:00,OK,77,77,0,13
567,7145046,2021-05-02T06:05:00,OK,61,61,0,35
568,7144744,2021-05-02T06:05:00,OK,58,58,0,33
569,7147767,2021-05-02T06:05:00,OK,106,106,0,15
570,8176378,2021-05-02T06:05:00,OK,72,72,0,17
571,1151062,2021-05-02T06:05:00,OK,205,205,0,7
572,16716742,2021-05-02T06:05:00,OK,0,0,0,0
573,7145325,2021-05-02T06:05:00,OK,55,55,0,57
574,8175628,2021-05-02T06:05:00,OK,69,69,0,33
575,1148781,2021-05-02T06:05:00,OK,36,36,1,41
576,957938,2021-05-02T06:05:00,OK,70,70,0,47
577,6062691,2021-05-02T06:05:00,OK,83,83,0,47
578,16716006,2021-05-02T06:05:00,OK,44,44,2,126
579,1148994,2021-05-02T06:05:00,OK,21,21,2,45
580,1201562,2021-05-02T06:05:00,OK,129,129,0,48
581,1151156,2021-05-02T06:05:00,OK,48,48,0,36
582,7148548,2021-05-02T06:05:00,OK,390,390,0,10
583,8183976,2021-05-02T06:05:00,OK,0,0,0,0
584,3106558,2021-05-02T06:05:00,OK,78,78,0,38
585,7145770,2021-05-02T06:05:00,OK,0,0,0,0
586,1139962,2021-05-02T06:05:00,OK,67,67,0,43
587,6062585,2021-05-02T06:05:00,OK,584,584,0,27
588,1150957,2021-05-02T06:05:00,OK,43,43,2,25
589,1148810,2021-05-02T06:05:00,OK,96,96,1,17
590,1151911,2021-05-02T06:05:00,OK,145,145,0,27
591,7144386,2021-05-02T06:05:00,OK,111,111,0,21
592,7147309,2021-05-02T06:05:00,OK,24,24,0,73
593,1150153,2021-05-02T06:05:00,OK,0,0,0,0
594,7147687,2021-05-02T06:05:00,OK,72,72,0,23
595,4315331,2021-05-02T06:05:00,OK,43,43,1,59
596,300072,2021-05-02T06:05:00,OK,82,82,0,65
597,1149077,2021-05-02T06:05:00,OK,9,9,0,72
598,1151989,2021-05-02T06:05:00,OK,68,68,0,32
599,7147505,2021-05-02T06:05:00,OK,85,85,0,43
600,7150504,2021-05-02T06:05:00,OK,45,45,0,53
601,16717259,2021-05-02T06:05:00,OK,228,228,0,103
602,1144152,2021-05-02T06:05:00,OK,47,47,0,38
603,7144573,2021-05-02T06:05:00,OK,83,83,1,68
604,16715724,2021-05-02T06:05:00,OK,129,129,0,115
605,10640316,2021-05-02T06:05:00,OK,64,64,0,21
606,10640427,2021-05-02T06:05:00,OK,11,11,0,104
607,8175923,2021-05-02T06:05:00,OK,0,0,0,0
608,7145065,2021-05-02T06:05:00,OK,201,201,0,10
609,539513,2021-05-02T06:05:00,OK,96,96,0,58
610,7146810,2021-05-02T06:05:00,OK,169,169,0,38
611,7144856,2021-05-02T06:05:00,OK,51,51,0,33
612,958233,2021-05-02T06:05:00,OK,14,14,0,54
613,16715157,2021-05-02T06:05:00,OK,93,93,2,116
614,1140122,2021-05-02T06:05:00,OK,64,64,2,16
615,1145553,2021-05-02T06:05:00,OK,69,69,0,13
616,16716453,2021-05-02T06:05:00,OK,0,0,0,0
617,16716771,2021-05-02T06:05:00,OK,40,40,0,73
618,1152013,2021-05-02T06:05:00,OK,122,122,0,16
619,7145459,2021-05-02T06:05:00,OK,78,78,0,71
620,7146555,2021-05-02T06:05:00,OK,0,0,0,0
621,1319922,2021-05-02T06:05:00,OK,64,64,0,66
622,7148893,2021-05-02T06:05:00,OK,113,113,0,34
623,1139695,2021-05-02T06:05:00,OK,353,353,0,6
624,1219522,2021-05-02T06:05:00,OK,46,46,1,21
625,8176426,2021-05-02T06:05:00,OK,24,24,1,34
626,16717445,2021-05-02T06:05:00,OK,21,21,5,102
627,7146706,2021-05-02T06:05:00,OK,108,108,0,60
628,8175988,2021-05-02T06:05:00,OK,387,387,0,12
629,10640410,2021-05-02T06:05:00,OK,31,31,0,38
630,539566,2021-05-02T06:05:00,OK,53,53,0,88
631,3106522,2021-05-02T06:05:00,OK,12,12,0,60
632,7145176,2021-05-02T06:05:00,OK,105,105,0,40
633,299940,2021-05-02T06:05:00,OK,0,0,0,0
634,1140148,2021-05-02T06:05:00,OK,15,15,0,64
635,1150130,2021-05-02T06:05:00,OK,0,0,0,0
636,8175753,2021-05-02T06:05:00,OK,0,0,0,0
637,1151652,2021-05-02T06:05:00,OK,0,0,0,0
638,1145715,2021-05-02T06:05:00,OK,15,15,1,67
639,539433,2021-05-02T06:05:00,OK,115,115,0,76
640,1151078,2021-05-02T06:05:00,OK,157,157,0,10
641,539195,2021-05-02T06:05:00,OK,114,114,0,66
642,7145939,2021-05-02T06:05:00,OK,103,103,1,78
643,8184089,2021-05-02T06:05:00,OK,0,0,0,0
644,1150974,2021-05-02T06:05:00,OK,24,24,0,45
645,300232,2021-05-02T06:05:00,OK,92,92,0,46
646,10640330,2021-05-02T06:05:00,OK,43,43,0,33
647,16714853,2021-05-02T06:05:00,OK,82,82,0,110
648,8176263,2021-05-02T06:05:00,OK,82,82,0,23
649,6062532,2021-05-02T06:05:00,OK,94,94,0,53
650,300100,2021-05-02T06:05:00,OK,28,28,0,84
651,16716485,2021-05-02T06:05:00,OK,0,0,0,0
652,1148660,2021-05-02T06:05:00,OK,59,59,0,38
653,1219539,2021-05-02T06:05:00,OK,27,27,1,36
654,7149155,2021-05-02T06:05:00,OK,0,0,0,0
655,7145802,2021-05-02T06:05:00,OK,118,118,0,29
656,1150880,2021-05-02T06:05:00,OK,189,189,0,5
657,16716845,2021-05-02T06:05:00,OK,70,70,5,100
658,7146464,2021-05-02T06:05:00,OK,46,46,0,51
659,1149090,2021-05-02T06:05:00,OK,47,47,0,16
660,7145655,2021-05-02T06:05:00,OK,116,116,0,26
661,1201402,2021-05-02T06:05:00,OK,136,136,0,31
662,1139988,2021-05-02T06:05:00,OK,59,59,0,47
663,1151580,2021-05-02T06:05:00,OK,72,72,0,25
664,1149010,2021-05-02T06:05:00,OK,26,26,1,36
665,7148574,2021-05-02T06:05:00,OK,47,47,0,43
666,6062665,2021-05-02T06:05:00,OK,80,80,1,39
667,1139749,2021-05-02T06:05:00,OK,38,38,0,50
668,8176413,2021-05-02T06:05:00,OK,46,46,0,18
669,957965,2021-05-02T06:05:00,OK,97,97,0,38
670,8176480,2021-05-02T06:05:00,OK,0,0,0,0
671,1148853,2021-05-02T06:05:00,OK,171,171,0,28
672,7144423,2021-05-02T06:05:00,OK,113,113,0,20
673,7147165,2021-05-02T06:05:00,OK,137,137,0,32
674,280561,2021-05-02T06:05:00,OK,61,61,2,45
675,1144311,2021-05-02T06:05:00,OK,57,57,0,30
676,16715266,2021-05-02T06:05:00,OK,117,117,0,73
677,1143884,2021-05-02T06:05:00,OK,111,111,0,13
678,16715226,2021-05-02T06:05:00,OK,112,112,0,88
679,16714880,2021-05-02T06:05:00,OK,79,79,2,115
680,1149966,2021-05-02T06:05:00,OK,87,87,0,16
681,539142,2021-05-02T06:05:00,OK,156,156,1,72
682,7144976,2021-05-02T06:05:00,OK,76,76,0,32
683,978286,2021-05-02T06:05:00,OK,26,26,0,28
684,1145419,2021-05-02T06:05:00,OK,22,22,0,35
685,280455,2021-05-02T06:05:00,OK,109,109,0,44
686,1151094,2021-05-02T06:05:00,OK,65,65,0,16
687,1201429,2021-05-02T06:05:00,OK,0,0,0,0
688,7146484,2021-05-02T06:05:00,OK,0,0,0,0
689,7148162,2021-05-02T06:05:00,OK,105,105,0,45
690,16715770,2021-05-02T06:05:00,OK,127,127,0,79
691,7147345,2021-05-02T06:05:00,OK,194,194,0,22
692,7148400,2021-05-02T06:05:00,OK,94,94,0,28
693,16717294,2021-05-02T06:05:00,OK,55,55,3,104
694,1150181,2021-05-02T06:05:00,OK,33,33,1,40
695,1144018,2021-05-02T06:05:00,OK,0,0,0,0
696,6062612,2021-05-02T06:05:00,OK,238,238,0,43
697,16716069,2021-05-02T06:05:00,OK,0,0,0,0
698,1140016,2021-05-02T06:05:00,OK,42,42,0,35
699,1219488,2021-05-02T06:05:00,OK,0,0,0,0
700,7148778,2021-05-02T06:05:00,OK,231,231,0,13
701,280270,2021-05-02T06:05:00,OK,45,45,0,61
702,7147708,2021-05-02T06:05:00,OK,95,95,0,17
703,7145087,2021-05-02T06:05:00,OK,58,58,0,49
704,1149903,2021-05-02T06:05:00,OK,35,35,0,26
705,16716091,2021-05-02T06:05:00,OK,55,55,2,114
706,1139802,2021-05-02T06:05:00,OK,77,77,0,49
707,1145391,2021-05-02T06:05:00,OK,33,33,0,49
708,1151925,2021-05-02T06:05:00,OK,207,207,0,12
709,7148917,2021-05-02T06:05:00,OK,606,606,0,6
710,1144044,2021-05-02T06:05:00,OK,83,83,0,29
711,7147529,2021-05-02T06:05:00,OK,44,44,0,41
712,1143911,2021-05-02T06:05:00,OK,84,84,0,29
713,7146834,2021-05-02T06:05:00,OK,606,606,0,6
714,7144993,2021-05-02T06:05:00,OK,119,119,0,20
715,7145833,2021-05-02T06:05:00,OK,529,529,0,8
716,10640348,2021-05-02T06:05:00,OK,55,55,0,33
717,1144178,2021-05-02T06:05:00,OK,113,113,0,16
718,7145353,2021-05-02T06:05:00,OK,74,74,0,26
719,7148425,2021-05-02T06:05:00,OK,130,130,0,20
720,1150893,2021-05-02T06:05:00,OK,29,29,0,36
721,1149883,2021-05-02T06:05:00,OK,57,57,0,11
722,16715863,2021-05-02T06:05:00,OK,68,68,2,112
723,1143858,2021-05-02T06:05:00,OK,37,37,0,37
724,7147384,2021-05-02T06:05:00,OK,146,146,0,35
725,1150056,2021-05-02T06:05:00,OK,0,0,0,0
726,8176534,2021-05-02T06:05:00,OK,9,9,0,84
727,7150533,2021-05-02T06:05:00,OK,49,49,0,51
728,1151009,2021-05-02T06:05:00,OK,29,29,0,36
729,16716811,2021-05-02T06:05:00,OK,74,74,4,95
730,1151831,2021-05-02T06:05:00,OK,87,87,0,24
731,1219628,2021-05-02T06:05:00,OK,49,49,1,22
732,16717331,2021-05-02T06:05:00,OK,81,81,2,73
733,8176279,2021-05-02T06:05:00,OK,48,48,1,34
734,16716884,2021-05-02T06:05:00,OK,94,94,3,94
735,16716242,2021-05-02T06:05:00,OK,521,521,0,12
736,1148880,2021-05-02T06:05:00,OK,0,0,0,0
737,1150996,2021-05-02T06:05:00,OK,23,23,1,46
738,8176439,2021-05-02T06:05:00,OK,14,14,0,56
739,16715320,2021-05-02T06:05:00,OK,153,153,0,71
740,8175644,2021-05-02T06:05:00,OK,0,0,0,0
741,1151805,2021-05-02T06:05:00,OK,166,166,0,12
742,16716523,2021-05-02T06:05:00,OK,91,91,0,117
743,1219608,2021-05-02T06:05:00,OK,81,81,0,14
744,7148815,2021-05-02T06:05:00,OK,122,122,0,24
745,1139775,2021-05-02T06:05:00,OK,79,79,1,24
746,1151938,2021-05-02T06:05:00,OK,78,78,0,32
747,280588,2021-05-02T06:05:00,OK,135,135,0,60
748,280508,2021-05-02T06:05:00,OK,179,179,0,64
749,7144608,2021-05-02T06:05:00,OK,95,95,2,57
750,1150826,2021-05-02T06:05:00,OK,81,81,0,16
751,1140042,2021-05-02T06:05:00,OK,119,119,1,13
752,10640448,2021-05-02T06:05:00,OK,93,93,0,72
753,16715836,2021-05-02T06:05:00,OK,186,186,0,69
754,7144658,2021-05-02T06:05:00,OK,152,152,0,44
755,886140,2021-05-02T06:05:00,OK,85,85,0,69
756,7147022,2021-05-02T06:05:00,OK,72,72,0,45
757,539168,2021-05-02T06:05:00,OK,183,183,0,62
758,7145495,2021-05-02T06:05:00,OK,95,95,0,58
759,978312,2021-05-02T06:05:00,OK,8,8,0,83
760,1148686,2021-05-02T06:05:00,OK,92,92,0,24
761,1149027,2021-05-02T06:05:00,OK,33,33,1,42
762,539009,2021-02-26T12:50:00,OK,174,174,10,54
763,8175688,2021-05-02T06:05:00,OK,0,0,0,0
764,1151592,2021-05-02T06:05:00,OK,125,125,0,15
765,1150105,2021-05-02T06:05:00,OK,0,0,0,0
766,916167,2021-05-02T06:05:00,OK,56,56,0,45
767,16715380,2021-05-02T06:05:00,OK,163,163,0,64
768,7146884,2021-05-02T06:05:00,OK,131,131,0,64
769,10640364,2021-05-02T06:05:00,OK,50,50,0,37
770,299993,2021-05-02T06:05:00,OK,0,0,0,0
771,7145860,2021-05-02T06:05:00,OK,99,99,0,43
772,7145198,2021-05-02T06:05:00,OK,118,118,0,36
773,7148596,2021-05-02T06:05:00,OK,64,64,0,31
774,7145966,2021-05-02T06:05:00,OK,98,98,0,82
775,7144451,2021-05-02T06:05:00,OK,33,33,5,36
776,16714983,2021-05-02T06:05:00,OK,159,159,0,79
777,300126,2021-05-02T06:05:00,OK,47,47,0,50
778,1149984,2021-05-02T06:05:00,OK,72,72,0,20
779,16716292,2021-05-02T06:05:00,OK,201,201,4,97
780,280376,2021-05-02T06:05:00,OK,69,69,0,54
781,7144880,2021-05-02T06:05:00,OK,59,59,6,49
782,1319875,2021-05-02T06:05:00,OK,190,190,0,67
783,1149101,2021-05-02T06:05:00,OK,30,30,0,27
784,1144204,2021-05-02T06:05:00,OK,68,68,0,22
785,7145402,2021-05-02T06:05:00,OK,85,85,0,17
786,14077906,2021-05-02T06:05:00,OK,561,561,0,69
787,957991,2021-05-02T06:05:00,OK,84,84,0,43
788,1149842,2021-05-02T06:05:00,OK,19,19,0,28
789,1201482,2021-05-02T06:05:00,OK,121,121,0,41
790,7145528,2021-05-02T06:05:00,OK,61,61,1,52
791,7144898,2021-05-02T06:05:00,OK,71,71,2,41
792,539460,2021-05-02T06:05:00,OK,54,54,0,91
793,7145740,2021-05-02T06:05:00,OK,123,123,0,28
794,7148668,2021-05-02T06:05:00,OK,74,74,0,70
795,1144338,2021-05-02T06:05:00,OK,140,140,0,21
796,1151114,2021-05-02T06:05:00,OK,55,55,0,38
797,7148629,2021-05-02T06:05:00,OK,78,78,0,65
798,7145113,2021-05-02T06:05:00,OK,93,93,0,32
799,8175720,2021-05-02T06:05:00,OK,0,0,0,0
800,1150923,2021-05-02T06:05:00,OK,24,24,2,39
801,1319943,2021-05-02T06:05:00,OK,159,159,0,26
802,539539,2021-05-02T06:05:00,OK,64,64,0,80
803,1319964,2021-05-02T06:05:00,OK,91,91,0,34
804,7146675,2021-05-02T06:05:00,OK,217,217,0,30
805,10640471,2021-05-02T06:05:00,OK,87,87,0,78
806,8175873,2021-05-02T06:05:00,OK,0,0,0,0
807,8176242,2021-05-02T06:05:00,OK,400,400,0,4
808,1148714,2021-05-02T06:05:00,OK,64,64,0,39
809,1151674,2021-05-02T06:05:00,OK,149,149,0,14
810,7145134,2021-05-02T06:05:00,OK,53,53,0,48
811,1144231,2021-05-02T06:05:00,OK,32,32,0,47
812,8176067,2021-05-02T06:05:00,OK,0,0,0,0
813,14077713,2021-05-02T06:05:00,OK,536,536,0,73
814,1144071,2021-05-02T06:05:00,OK,0,0,0,0
815,1143937,2021-05-02T06:05:00,OK,114,114,0,21
816,7147187,2021-05-02T06:05:00,OK,61,61,0,72
817,958018,2021-05-02T06:05:00,OK,67,67,1,38
818,1201455,2021-05-02T06:05:00,OK,140,140,0,30
819,1201508,2021-05-02T06:05:00,OK,109,109,0,46
820,1149915,2021-05-02T06:05:00,OK,26,26,0,42
821,7148473,2021-05-02T06:05:00,OK,80,80,0,30
822,1152027,2021-05-02T06:05:00,OK,18,18,0,44
823,280402,2021-05-02T06:05:00,OK,118,118,0,42
824,842853,2021-05-02T06:05:00,OK,103,103,0,76
825,7145232,2021-05-02T06:05:00,OK,86,86,1,38
826,1139856,2021-05-02T06:05:00,OK,82,82,0,29
827,16716565,2021-05-02T06:05:00,OK,79,79,3,135
828,1148946,2021-05-02T06:05:00,OK,91,91,0,52
829,7144785,2021-05-02T06:05:00,OK,83,83,0,37
830,2130871,2021-05-02T06:05:00,OK,194,194,0,6
831,7148845,2021-05-02T06:05:00,OK,171,171,0,24
832,7150453,2021-05-02T06:05:00,OK,62,62,0,37
833,1150905,2021-05-02T06:05:00,OK,306,306,0,3
834,1150077,2021-05-02T06:05:00,OK,0,0,0,0
835,539592,2021-05-02T06:05:00,OK,70,70,0,67
836,1139828,2021-05-02T06:05:00,OK,181,181,1,20
837,16714938,2021-05-02T06:05:00,OK,170,170,0,71
838,300259,2021-05-02T06:05:00,OK,80,80,0,40
839,958287,2021-05-02T06:05:00,OK,47,47,0,52
840,1219564,2021-05-02T06:05:00,OK,109,109,0,10
841,16716953,2021-05-02T06:05:00,OK,159,159,1,71
842,3106589,2021-05-02T06:05:00,OK,53,53,0,55
843,1151606,2021-05-02T06:05:00,OK,82,82,1,18
844,539301,2021-05-02T06:05:00,OK,104,104,1,57
845,7147043,2021-05-02T06:05:00,OK,60,60,0,53
846,300285,2021-05-02T06:05:00,OK,72,72,3,46
847,300153,2021-05-02T06:05:00,OK,0,0,0,0
848,8176517,2021-05-02T06:05:00,OK,7,7,0,138
849,7147647,2021-05-02T06:05:00,OK,0,0,0,0
850,8184002,2021-05-02T06:05:00,OK,0,0,0,0
851,1150016,2021-05-02T06:05:00,OK,77,77,0,10
852,1148762,2021-05-02T06:05:00,OK,26,26,0,56
853,16716602,2021-05-02T06:05:00,OK,133,133,5,79
854,8175956,2021-05-02T06:05:00,OK,250,250,0,18
855,280615,2021-05-02T06:05:00,OK,218,218,0,37
856,7148193,2021-05-02T06:05:00,OK,100,100,0,47
857,10017774,2021-05-02T06:05:00,OK,90,90,0,48
858,539619,2021-05-02T06:05:00,OK,205,205,0,88
859,7145379,2021-05-02T06:05:00,OK,38,38,0,54
860,539221,2021-05-02T06:05:00,OK,128,128,0,81
861,1151721,2021-05-02T06:05:00,OK,126,126,0,16
862,7145704,2021-05-02T06:05:00,OK,131,131,2,26
863,16717363,2021-05-02T06:05:00,OK,72,72,1,75
864,6636694,2021-05-02T06:05:00,OK,293,293,0,34
865,1139722,2021-05-02T06:05:00,OK,45,45,0,51
866,7144506,2021-05-02T06:05:00,OK,68,68,0,40
867,916193,2021-05-02T06:05:00,OK,57,57,1,45
868,7148451,2021-05-02T06:05:00,OK,67,67,0,37
869,7144815,2021-05-02T06:05:00,OK,56,56,0,54
870,1151031,2021-05-02T06:05:00,OK,29,29,2,43
871,6062558,2021-05-02T06:05:00,OK,49,49,0,35
872,16715934,2021-05-02T06:05:00,OK,137,137,0,89
873,1145636,2021-05-02T06:05:00,OK,58,58,1,19
874,978339,2021-05-02T06:05:00,OK,92,92,0,85
875,8176315,2021-05-02T06:05:00,OK,0,0,0,0
876,16717404,2021-05-02T06:05:00,OK,118,118,1,35
877,16716340,2021-05-02T06:05:00,OK,199,199,2,98
878,299966,2021-05-02T06:05:00,OK,150,150,0,29
879,1148740,2021-05-02T06:05:00,OK,51,51,1,49
880,7147234,2021-05-02T06:05:00,OK,58,58,0,58
881,1145474,2021-05-02T06:05:00,OK,84,84,0,39
882,16716642,2021-05-02T06:05:00,OK,104,104,3,109
883,10640287,2021-05-02T06:05:00,OK,44,44,0,15
884,7144704,2021-05-02T06:05:00,OK,110,110,0,61
885,6062639,2021-05-02T06:05:00,OK,415,415,0,25
886,7145883,2021-05-02T06:05:00,OK,0,0,0,0
887,1145312,2021-05-02T06:05:00,OK,0,0,0,0
888,1151621,2021-05-02T06:05:00,OK,95,95,0,14
889,6062719,2020-12-01T08:40:00,OK,272,272,15,34
890,8176030,2021-05-02T06:05:00,OK,0,0,0,0
891,16715091,2021-05-02T06:05:00,OK,1594,1594,0,5
892,7144473,2021-05-02T06:05:00,OK,18,18,0,60
893,16717016,2021-05-02T06:05:00,OK,182,182,0,92
894,10640377,2021-05-02T06:05:00,OK,20,20,0,72
895,958179,2021-05-02T06:05:00,OK,22,22,0,42
896,7145010,2021-05-02T06:05:00,OK,53,53,0,29
897,1144097,2021-05-02T06:05:00,OK,0,0,0,0
898,1144364,2021-05-02T06:05:00,OK,0,0,0,0
899,1140069,2021-05-02T06:05:00,OK,95,95,1,21
900,16715027,2021-05-02T06:05:00,OK,0,0,0,0
901,1151957,2021-05-02T06:05:00,OK,0,0,0,0
902,7146445,2021-05-02T06:05:00,OK,53,53,1,46
903,1151133,2021-05-02T06:05:00,OK,67,67,0,31
904,6636668,2021-05-02T06:05:00,OK,269,269,0,40
905,1139882,2021-05-02T06:05:00,OK,133,133,0,18
906,1149048,2021-05-02T06:05:00,OK,43,43,2,32
907,7144927,2021-05-02T06:05:00,OK,59,59,2,53
908,7147434,2021-05-02T06:05:00,OK,0,0,0,0
909,1150841,2021-05-02T06:05:00,OK,64,64,2,16
910,300019,2021-05-02T06:05:00,OK,0,0,0,0
911,1151854,2021-05-02T06:05:00,OK,103,103,0,30
912,539036,2021-02-26T12:50:00,OK,102,102,2,45
913,958314,2021-05-02T06:05:00,OK,76,76,0,31
914,8176457,2021-05-02T06:05:00,OK,24,24,0,57
915,1145500,2021-05-02T06:05:00,OK,105,105,1,31
916,7146500,2021-05-02T06:05:00,OK,0,0,0,0
917,978365,2021-05-02T06:05:00,OK,104,104,0,76
918,280296,2021-05-02T06:05:00,OK,89,89,2,50
919,16715440,2021-05-02T06:05:00,OK,146,146,2,116
920,7147271,2021-05-02T06:05:00,OK,60,60,0,51
921,16715890,2021-05-02T06:05:00,OK,65,65,5,112
922,7145266,2021-05-02T06:05:00,OK,58,58,0,56
923,7145025,2021-05-02T06:05:00,OK,21,21,0,80
924,1219500,2021-05-02T06:05:00,OK,0,0,0,0
925,7147730,2021-05-02T06:05:00,OK,112,112,0,23
926,1149930,2021-05-02T06:05:00,OK,61,61,0,14
927,1319981,2021-05-02T06:05:00,OK,107,107,0,29
928,1148972,2021-05-02T06:05:00,OK,0,0,0,0
929,7145592,2021-05-02T06:05:00,OK,55,55,0,58
